date,tournament,surface,Round,winner,winner_rank_at_match,loser,loser_rank_at_match,score,source_player
5-Apr-2026,Monte-Carlo,Clay,R32,Jannik Sinner,2,Ugo Humbert,34,6-3 6-0,Jannik Sinner
18-Mar-2026,Miami Masters,Hard,F,Jannik Sinner,2,Jiri Lehecka,22,6-4 6-4,Jannik Sinner
18-Mar-2026,Miami Masters,Hard,SF,Jannik Sinner,2,Alexander Zverev,4,6-3 7-6(4),Jannik Sinner
18-Mar-2026,Miami Masters,Hard,QF,Jannik Sinner,2,Frances Tiafoe,20,6-2 6-2,Jannik Sinner
18-Mar-2026,Miami Masters,Hard,R16,Jannik Sinner,2,Alex Michelsen,40,7-5 7-6(4),Jannik Sinner
18-Mar-2026,Miami Masters,Hard,R32,Jannik Sinner,2,Corentin Moutet,33,6-1 6-4,Jannik Sinner
18-Mar-2026,Miami Masters,Hard,R64,Jannik Sinner,2,Damir Dzumhur,76,6-3 6-3,Jannik Sinner
4-Mar-2026,Indian Wells Masters,Hard,F,Jannik Sinner,2,Daniil Medvedev,11,7-6(6) 7-6(4),Jannik Sinner
4-Mar-2026,Indian Wells Masters,Hard,SF,Jannik Sinner,2,Alexander Zverev,4,6-2 6-4,Jannik Sinner
4-Mar-2026,Indian Wells Masters,Hard,QF,Jannik Sinner,2,Learner Tien,27,6-1 6-2,Jannik Sinner
4-Mar-2026,Indian Wells Masters,Hard,R16,Jannik Sinner,2,Joao Fonseca,35,7-6(6) 7-6(4),Jannik Sinner
4-Mar-2026,Indian Wells Masters,Hard,R32,Jannik Sinner,2,Denis Shapovalov,39,6-3 6-2,Jannik Sinner
4-Mar-2026,Indian Wells Masters,Hard,R64,Jannik Sinner,2,Dalibor Svrcina,109,6-1 6-1,Jannik Sinner
16-Feb-2026,Doha,Hard,QF,Jakub Mensik,16,Jannik Sinner,2,7-6(3) 2-6 6-3,Jannik Sinner
16-Feb-2026,Doha,Hard,R16,Jannik Sinner,2,Alexei Popyrin,53,6-3 7-5,Jannik Sinner
16-Feb-2026,Doha,Hard,R32,Jannik Sinner,2,Tomas Machac,31,6-1 6-4,Jannik Sinner
19-Jan-2026,Australian Open,Hard,SF,Novak Djokovic,4,Jannik Sinner,2,3-6 6-3 4-6 6-4 6-4,Jannik Sinner
19-Jan-2026,Australian Open,Hard,QF,Jannik Sinner,2,Ben Shelton,7,6-3 6-4 6-4,Jannik Sinner
19-Jan-2026,Australian Open,Hard,R16,Jannik Sinner,2,Luciano Darderi,25,6-1 6-3 7-6(2),Jannik Sinner
19-Jan-2026,Australian Open,Hard,R32,Jannik Sinner,2,Eliot Spizzirri,85,4-6 6-3 6-4 6-4,Jannik Sinner
19-Jan-2026,Australian Open,Hard,R64,Jannik Sinner,2,James Duckworth,88,6-1 6-4 6-2,Jannik Sinner
19-Jan-2026,Australian Open,Hard,R128,Jannik Sinner,2,Hugo Gaston,93,6-2 6-1 0-0 RET,Jannik Sinner
9-Nov-2025,Tour Finals,Hard,F,Jannik Sinner,2,Carlos Alcaraz,1,7-6(4) 7-5,Jannik Sinner
9-Nov-2025,Tour Finals,Hard,SF,Jannik Sinner,2,Alex De Minaur,7,7-5 6-2,Jannik Sinner
9-Nov-2025,Tour Finals,Hard,RR,Jannik Sinner,2,Alexander Zverev,3,6-4 6-3,Jannik Sinner
9-Nov-2025,Tour Finals,Hard,RR,Jannik Sinner,2,Ben Shelton,5,6-3 7-6(3),Jannik Sinner
9-Nov-2025,Tour Finals,Hard,RR,Jannik Sinner,2,Felix Auger Aliassime,8,7-5 6-1,Jannik Sinner
27-Oct-2025,Paris Masters,Hard,F,Jannik Sinner,2,Felix Auger Aliassime,10,6-4 7-6(4),Jannik Sinner
27-Oct-2025,Paris Masters,Hard,SF,Jannik Sinner,2,Alexander Zverev,3,6-0 6-1,Jannik Sinner
27-Oct-2025,Paris Masters,Hard,QF,Jannik Sinner,2,Ben Shelton,7,6-3 6-3,Jannik Sinner
27-Oct-2025,Paris Masters,Hard,R16,Jannik Sinner,2,Francisco Cerundolo,21,7-5 6-1,Jannik Sinner
27-Oct-2025,Paris Masters,Hard,R32,Jannik Sinner,2,Zizou Bergs,41,6-4 6-2,Jannik Sinner
20-Oct-2025,Vienna,Hard,F,Jannik Sinner,2,Alexander Zverev,3,3-6 6-3 7-5,Jannik Sinner
20-Oct-2025,Vienna,Hard,SF,Jannik Sinner,2,Alex De Minaur,7,6-3 6-4,Jannik Sinner
20-Oct-2025,Vienna,Hard,QF,Jannik Sinner,2,Alexander Bublik,16,6-4 6-4,Jannik Sinner
20-Oct-2025,Vienna,Hard,R16,Jannik Sinner,2,Flavio Cobolli,22,6-2 7-6(4),Jannik Sinner
20-Oct-2025,Vienna,Hard,R32,Jannik Sinner,2,Daniel Altmaier,51,6-0 6-2,Jannik Sinner
1-Oct-2025,Shanghai Masters,Hard,R32,Tallon Griekspoor,31,Jannik Sinner,2,6-7(3) 7-5 3-2 RET,Jannik Sinner
1-Oct-2025,Shanghai Masters,Hard,R64,Jannik Sinner,2,Daniel Altmaier,49,6-3 6-3,Jannik Sinner
25-Sep-2025,Beijing,Hard,F,Jannik Sinner,2,Learner Tien,52,6-2 6-2,Jannik Sinner
25-Sep-2025,Beijing,Hard,SF,Jannik Sinner,2,Alex De Minaur,8,6-3 4-6 6-2,Jannik Sinner
25-Sep-2025,Beijing,Hard,QF,Jannik Sinner,2,Fabian Marozsan,57,6-1 7-5,Jannik Sinner
25-Sep-2025,Beijing,Hard,R16,Jannik Sinner,2,Terence Atmane,68,6-4 5-7 6-0,Jannik Sinner
25-Sep-2025,Beijing,Hard,R32,Jannik Sinner,2,Marin Cilic,97,6-2 6-2,Jannik Sinner
25-Aug-2025,US Open,Hard,F,Carlos Alcaraz,2,Jannik Sinner,1,6-2 3-6 6-1 6-4,Jannik Sinner
25-Aug-2025,US Open,Hard,SF,Jannik Sinner,1,Felix Auger Aliassime,27,6-1 3-6 6-3 6-4,Jannik Sinner
25-Aug-2025,US Open,Hard,QF,Jannik Sinner,1,Lorenzo Musetti,10,6-1 6-4 6-2,Jannik Sinner
25-Aug-2025,US Open,Hard,R16,Jannik Sinner,1,Alexander Bublik,24,6-1 6-1 6-1,Jannik Sinner
25-Aug-2025,US Open,Hard,R32,Jannik Sinner,1,Denis Shapovalov,29,5-7 6-4 6-3 6-3,Jannik Sinner
25-Aug-2025,US Open,Hard,R64,Jannik Sinner,1,Alexei Popyrin,36,6-3 6-2 6-2,Jannik Sinner
25-Aug-2025,US Open,Hard,R128,Jannik Sinner,1,Vit Kopriva,89,6-1 6-1 6-2,Jannik Sinner
7-Aug-2025,Cincinnati Masters,Hard,F,Carlos Alcaraz,2,Jannik Sinner,1,5-0 RET,Jannik Sinner
7-Aug-2025,Cincinnati Masters,Hard,SF,Jannik Sinner,1,Terence Atmane,136,7-6(4) 6-2,Jannik Sinner
7-Aug-2025,Cincinnati Masters,Hard,QF,Jannik Sinner,1,Felix Auger Aliassime,28,6-0 6-2,Jannik Sinner
7-Aug-2025,Cincinnati Masters,Hard,R16,Jannik Sinner,1,Adrian Mannarino,89,6-4 7-6(4),Jannik Sinner
7-Aug-2025,Cincinnati Masters,Hard,R32,Jannik Sinner,1,Gabriel Diallo,35,6-2 7-6(6),Jannik Sinner
7-Aug-2025,Cincinnati Masters,Hard,R64,Jannik Sinner,1,Daniel Elahi Galan,144,6-1 6-1,Jannik Sinner
30-Jun-2025,Wimbledon,Grass,F,Jannik Sinner,1,Carlos Alcaraz,2,4-6 6-4 6-4 6-4,Jannik Sinner
30-Jun-2025,Wimbledon,Grass,SF,Jannik Sinner,1,Novak Djokovic,6,6-3 6-3 6-4,Jannik Sinner
30-Jun-2025,Wimbledon,Grass,QF,Jannik Sinner,1,Ben Shelton,10,7-6(2) 6-4 6-4,Jannik Sinner
30-Jun-2025,Wimbledon,Grass,R16,Jannik Sinner,1,Grigor Dimitrov,21,3-6 5-7 2-2 RET,Jannik Sinner
30-Jun-2025,Wimbledon,Grass,R32,Jannik Sinner,1,Pedro Martinez,52,6-1 6-3 6-1,Jannik Sinner
30-Jun-2025,Wimbledon,Grass,R64,Jannik Sinner,1,Aleksandar Vukic,93,6-1 6-1 6-3,Jannik Sinner
30-Jun-2025,Wimbledon,Grass,R128,Jannik Sinner,1,Luca Nardi,95,6-4 6-3 6-0,Jannik Sinner
16-Jun-2025,Halle,Grass,R16,Alexander Bublik,45,Jannik Sinner,1,3-6 6-3 6-4,Jannik Sinner
16-Jun-2025,Halle,Grass,R32,Jannik Sinner,1,Yannick Hanfmann,138,7-5 6-3,Jannik Sinner
26-May-2025,Roland Garros,Clay,F,Carlos Alcaraz,2,Jannik Sinner,1,4-6 6-7(4) 6-4 7-6(3) 7-6(2),Jannik Sinner
26-May-2025,Roland Garros,Clay,SF,Jannik Sinner,1,Novak Djokovic,6,6-4 7-5 7-6(3),Jannik Sinner
26-May-2025,Roland Garros,Clay,QF,Jannik Sinner,1,Alexander Bublik,62,6-1 7-5 6-0,Jannik Sinner
26-May-2025,Roland Garros,Clay,R16,Jannik Sinner,1,Andrey Rublev,15,6-1 6-3 6-4,Jannik Sinner
26-May-2025,Roland Garros,Clay,R32,Jannik Sinner,1,Jiri Lehecka,34,6-0 6-1 6-2,Jannik Sinner
26-May-2025,Roland Garros,Clay,R64,Jannik Sinner,1,Richard Gasquet,166,6-3 6-0 6-4,Jannik Sinner
26-May-2025,Roland Garros,Clay,R128,Jannik Sinner,1,Arthur Rinderknech,75,6-4 6-3 7-5,Jannik Sinner
7-May-2025,Rome Masters,Clay,F,Carlos Alcaraz,3,Jannik Sinner,1,7-6(5) 6-1,Jannik Sinner
7-May-2025,Rome Masters,Clay,SF,Jannik Sinner,1,Tommy Paul,12,1-6 6-0 6-3,Jannik Sinner
7-May-2025,Rome Masters,Clay,QF,Jannik Sinner,1,Casper Ruud,7,6-0 6-1,Jannik Sinner
7-May-2025,Rome Masters,Clay,R16,Jannik Sinner,1,Francisco Cerundolo,18,7-6(2) 6-3,Jannik Sinner
7-May-2025,Rome Masters,Clay,R32,Jannik Sinner,1,Jesper De Jong,93,6-4 6-2,Jannik Sinner
7-May-2025,Rome Masters,Clay,R64,Jannik Sinner,1,Mariano Navone,99,6-3 6-4,Jannik Sinner
5-Apr-2026,Monte-Carlo,Clay,R32,Carlos Alcaraz,1,Sebastian Baez,65,6-1 6-3,Carlos Alcaraz
18-Mar-2026,Miami Masters,Hard,R32,Sebastian Korda,36,Carlos Alcaraz,1,6-3 5-7 6-4,Carlos Alcaraz
18-Mar-2026,Miami Masters,Hard,R64,Carlos Alcaraz,1,Joao Fonseca,39,6-4 6-4,Carlos Alcaraz
4-Mar-2026,Indian Wells Masters,Hard,SF,Daniil Medvedev,11,Carlos Alcaraz,1,6-3 7-6(3),Carlos Alcaraz
4-Mar-2026,Indian Wells Masters,Hard,QF,Carlos Alcaraz,1,Cameron Norrie,29,6-3 6-4,Carlos Alcaraz
4-Mar-2026,Indian Wells Masters,Hard,R16,Carlos Alcaraz,1,Casper Ruud,13,6-1 7-6(2),Carlos Alcaraz
4-Mar-2026,Indian Wells Masters,Hard,R32,Carlos Alcaraz,1,Arthur Rinderknech,28,6-7(6) 6-3 6-2,Carlos Alcaraz
4-Mar-2026,Indian Wells Masters,Hard,R64,Carlos Alcaraz,1,Grigor Dimitrov,42,6-2 6-3,Carlos Alcaraz
16-Feb-2026,Doha,Hard,F,Carlos Alcaraz,1,Arthur Fils,40,6-2 6-1,Carlos Alcaraz
16-Feb-2026,Doha,Hard,SF,Carlos Alcaraz,1,Andrey Rublev,14,7-6(3) 6-4,Carlos Alcaraz
16-Feb-2026,Doha,Hard,QF,Carlos Alcaraz,1,Karen Khachanov,17,6-7(3) 6-4 6-3,Carlos Alcaraz
16-Feb-2026,Doha,Hard,R16,Carlos Alcaraz,1,Valentin Royer,60,6-2 7-5,Carlos Alcaraz
16-Feb-2026,Doha,Hard,R32,Carlos Alcaraz,1,Arthur Rinderknech,30,6-4 7-6(5),Carlos Alcaraz
19-Jan-2026,Australian Open,Hard,F,Carlos Alcaraz,1,Novak Djokovic,4,2-6 6-2 6-3 7-5,Carlos Alcaraz
19-Jan-2026,Australian Open,Hard,SF,Carlos Alcaraz,1,Alexander Zverev,3,6-4 7-6(5) 6-7(3) 6-7(4) 7-5,Carlos Alcaraz
19-Jan-2026,Australian Open,Hard,QF,Carlos Alcaraz,1,Alex De Minaur,6,7-5 6-2 6-1,Carlos Alcaraz
19-Jan-2026,Australian Open,Hard,R16,Carlos Alcaraz,1,Tommy Paul,20,7-6(6) 6-4 7-5,Carlos Alcaraz
19-Jan-2026,Australian Open,Hard,R32,Carlos Alcaraz,1,Corentin Moutet,37,6-2 6-4 6-1,Carlos Alcaraz
19-Jan-2026,Australian Open,Hard,R64,Carlos Alcaraz,1,Yannick Hanfmann,102,7-6(4) 6-3 6-2,Carlos Alcaraz
19-Jan-2026,Australian Open,Hard,R128,Carlos Alcaraz,1,Adam Walton,81,6-3 7-6(2) 6-2,Carlos Alcaraz
9-Nov-2025,Tour Finals,Hard,F,Jannik Sinner,2,Carlos Alcaraz,1,7-6(4) 7-5,Carlos Alcaraz
9-Nov-2025,Tour Finals,Hard,SF,Carlos Alcaraz,1,Felix Auger Aliassime,8,6-2 6-4,Carlos Alcaraz
9-Nov-2025,Tour Finals,Hard,RR,Carlos Alcaraz,1,Lorenzo Musetti,9,6-4 6-1,Carlos Alcaraz
9-Nov-2025,Tour Finals,Hard,RR,Carlos Alcaraz,1,Taylor Fritz,6,6-7(2) 7-5 6-3,Carlos Alcaraz
9-Nov-2025,Tour Finals,Hard,RR,Carlos Alcaraz,1,Alex De Minaur,7,7-6(5) 6-2,Carlos Alcaraz
27-Oct-2025,Paris Masters,Hard,R32,Cameron Norrie,31,Carlos Alcaraz,1,4-6 6-3 6-4,Carlos Alcaraz
24-Sep-2025,Tokyo,Hard,F,Carlos Alcaraz,1,Taylor Fritz,5,6-4 6-4,Carlos Alcaraz
24-Sep-2025,Tokyo,Hard,SF,Carlos Alcaraz,1,Casper Ruud,12,3-6 6-3 6-4,Carlos Alcaraz
24-Sep-2025,Tokyo,Hard,QF,Carlos Alcaraz,1,Brandon Nakashima,33,6-2 6-4,Carlos Alcaraz
24-Sep-2025,Tokyo,Hard,R16,Carlos Alcaraz,1,Zizou Bergs,45,6-4 6-3,Carlos Alcaraz
24-Sep-2025,Tokyo,Hard,R32,Carlos Alcaraz,1,Sebastian Baez,41,6-4 6-2,Carlos Alcaraz
19-Sep-2025,Laver Cup,Hard,RR,Taylor Fritz,5,Carlos Alcaraz,1,6-3 6-2,Carlos Alcaraz
19-Sep-2025,Laver Cup,Hard,RR,Carlos Alcaraz,1,Francisco Cerundolo,21,6-2 6-1,Carlos Alcaraz
25-Aug-2025,US Open,Hard,F,Carlos Alcaraz,2,Jannik Sinner,1,6-2 3-6 6-1 6-4,Carlos Alcaraz
25-Aug-2025,US Open,Hard,SF,Carlos Alcaraz,2,Novak Djokovic,7,6-4 7-6(4) 6-2,Carlos Alcaraz
25-Aug-2025,US Open,Hard,QF,Carlos Alcaraz,2,Jiri Lehecka,21,6-4 6-2 6-4,Carlos Alcaraz
25-Aug-2025,US Open,Hard,R16,Carlos Alcaraz,2,Arthur Rinderknech,82,7-6(3) 6-3 6-4,Carlos Alcaraz
25-Aug-2025,US Open,Hard,R32,Carlos Alcaraz,2,Luciano Darderi,34,6-2 6-4 6-0,Carlos Alcaraz
25-Aug-2025,US Open,Hard,R64,Carlos Alcaraz,2,Mattia Bellucci,65,6-1 6-0 6-3,Carlos Alcaraz
25-Aug-2025,US Open,Hard,R128,Carlos Alcaraz,2,Reilly Opelka,67,6-4 7-5 6-4,Carlos Alcaraz
7-Aug-2025,Cincinnati Masters,Hard,F,Carlos Alcaraz,2,Jannik Sinner,1,5-0 RET,Carlos Alcaraz
7-Aug-2025,Cincinnati Masters,Hard,SF,Carlos Alcaraz,2,Alexander Zverev,3,6-4 6-3,Carlos Alcaraz
7-Aug-2025,Cincinnati Masters,Hard,QF,Carlos Alcaraz,2,Andrey Rublev,11,6-3 4-6 7-5,Carlos Alcaraz
7-Aug-2025,Cincinnati Masters,Hard,R16,Carlos Alcaraz,2,Luca Nardi,98,6-1 6-4,Carlos Alcaraz
7-Aug-2025,Cincinnati Masters,Hard,R32,Carlos Alcaraz,2,Hamad Medjedovic,72,6-4 6-4,Carlos Alcaraz
7-Aug-2025,Cincinnati Masters,Hard,R64,Carlos Alcaraz,2,Damir Dzumhur,56,6-1 2-6 6-3,Carlos Alcaraz
30-Jun-2025,Wimbledon,Grass,F,Jannik Sinner,1,Carlos Alcaraz,2,4-6 6-4 6-4 6-4,Carlos Alcaraz
30-Jun-2025,Wimbledon,Grass,SF,Carlos Alcaraz,2,Taylor Fritz,5,6-4 5-7 6-3 7-6(6),Carlos Alcaraz
30-Jun-2025,Wimbledon,Grass,QF,Carlos Alcaraz,2,Cameron Norrie,61,6-2 6-3 6-3,Carlos Alcaraz
30-Jun-2025,Wimbledon,Grass,R16,Carlos Alcaraz,2,Andrey Rublev,14,6-7(5) 6-3 6-4 6-4,Carlos Alcaraz
30-Jun-2025,Wimbledon,Grass,R32,Carlos Alcaraz,2,Jan Lennard Struff,125,6-1 3-6 6-3 6-4,Carlos Alcaraz
30-Jun-2025,Wimbledon,Grass,R64,Carlos Alcaraz,2,Oliver Tarvet,733,6-1 6-4 6-4,Carlos Alcaraz
30-Jun-2025,Wimbledon,Grass,R128,Carlos Alcaraz,2,Fabio Fognini,138,7-5 6-7(5) 7-5 2-6 6-1,Carlos Alcaraz
16-Jun-2025,Queen's Club,Grass,F,Carlos Alcaraz,2,Jiri Lehecka,30,7-5 6-7(5) 6-2,Carlos Alcaraz
16-Jun-2025,Queen's Club,Grass,SF,Carlos Alcaraz,2,Roberto Bautista Agut,51,6-4 6-4,Carlos Alcaraz
16-Jun-2025,Queen's Club,Grass,QF,Carlos Alcaraz,2,Arthur Rinderknech,80,7-5 6-4,Carlos Alcaraz
16-Jun-2025,Queen's Club,Grass,R16,Carlos Alcaraz,2,Jaume Munar,59,6-4 6-7(7) 7-5,Carlos Alcaraz
16-Jun-2025,Queen's Club,Grass,R32,Carlos Alcaraz,2,Adam Walton,86,6-4 7-6(4),Carlos Alcaraz
26-May-2025,Roland Garros,Clay,F,Carlos Alcaraz,2,Jannik Sinner,1,4-6 6-7(4) 6-4 7-6(3) 7-6(2),Carlos Alcaraz
26-May-2025,Roland Garros,Clay,SF,Carlos Alcaraz,2,Lorenzo Musetti,7,4-6 7-6(3) 6-0 2-0 RET,Carlos Alcaraz
26-May-2025,Roland Garros,Clay,QF,Carlos Alcaraz,2,Tommy Paul,12,6-0 6-1 6-4,Carlos Alcaraz
26-May-2025,Roland Garros,Clay,R16,Carlos Alcaraz,2,Ben Shelton,13,7-6(8) 6-3 4-6 6-4,Carlos Alcaraz
26-May-2025,Roland Garros,Clay,R32,Carlos Alcaraz,2,Damir Dzumhur,69,6-1 6-3 4-6 6-4,Carlos Alcaraz
26-May-2025,Roland Garros,Clay,R64,Carlos Alcaraz,2,Fabian Marozsan,56,6-1 4-6 6-1 6-2,Carlos Alcaraz
26-May-2025,Roland Garros,Clay,R128,Carlos Alcaraz,2,Giulio Zeppieri,310,6-3 6-4 6-2,Carlos Alcaraz
7-May-2025,Rome Masters,Clay,F,Carlos Alcaraz,3,Jannik Sinner,1,7-6(5) 6-1,Carlos Alcaraz
7-May-2025,Rome Masters,Clay,SF,Carlos Alcaraz,3,Lorenzo Musetti,9,6-3 7-6(4),Carlos Alcaraz
7-May-2025,Rome Masters,Clay,QF,Carlos Alcaraz,3,Jack Draper,5,6-4 6-4,Carlos Alcaraz
7-May-2025,Rome Masters,Clay,R16,Carlos Alcaraz,3,Karen Khachanov,24,6-3 3-6 7-5,Carlos Alcaraz
7-May-2025,Rome Masters,Clay,R32,Carlos Alcaraz,3,Laslo Djere,64,7-6(2) 6-2,Carlos Alcaraz
7-May-2025,Rome Masters,Clay,R64,Carlos Alcaraz,3,Dusan Lajovic,131,6-3 6-3,Carlos Alcaraz
14-Apr-2025,Barcelona,Clay,F,Holger Rune,13,Carlos Alcaraz,2,7-6(6) 6-2,Carlos Alcaraz
14-Apr-2025,Barcelona,Clay,SF,Carlos Alcaraz,2,Arthur Fils,14,6-2 6-4,Carlos Alcaraz
14-Apr-2025,Barcelona,Clay,QF,Carlos Alcaraz,2,Alex De Minaur,7,7-5 6-3,Carlos Alcaraz
14-Apr-2025,Barcelona,Clay,R16,Carlos Alcaraz,2,Laslo Djere,80,6-2 6-4,Carlos Alcaraz
14-Apr-2025,Barcelona,Clay,R32,Carlos Alcaraz,2,Ethan Quinn,126,6-2 7-6(6),Carlos Alcaraz
4-Mar-2026,Indian Wells Masters,Hard,R16,Jack Draper,14,Novak Djokovic,3,4-6 6-4 7-6(5),Novak Djokovic
4-Mar-2026,Indian Wells Masters,Hard,R32,Novak Djokovic,3,Aleksandar Kovacevic,72,6-4 1-6 6-4,Novak Djokovic
4-Mar-2026,Indian Wells Masters,Hard,R64,Novak Djokovic,3,Kamil Majchrzak,57,4-6 6-1 6-2,Novak Djokovic
19-Jan-2026,Australian Open,Hard,F,Carlos Alcaraz,1,Novak Djokovic,4,2-6 6-2 6-3 7-5,Novak Djokovic
19-Jan-2026,Australian Open,Hard,SF,Novak Djokovic,4,Jannik Sinner,2,3-6 6-3 4-6 6-4 6-4,Novak Djokovic
19-Jan-2026,Australian Open,Hard,QF,Novak Djokovic,4,Lorenzo Musetti,5,4-6 3-6 3-1 RET,Novak Djokovic
19-Jan-2026,Australian Open,Hard,R16,Novak Djokovic,4,Jakub Mensik,17,W/O,Novak Djokovic
19-Jan-2026,Australian Open,Hard,R32,Novak Djokovic,4,Botic Van De Zandschulp,75,6-3 6-4 7-6(4),Novak Djokovic
19-Jan-2026,Australian Open,Hard,R64,Novak Djokovic,4,Francesco Maestrelli,141,6-3 6-2 6-2,Novak Djokovic
19-Jan-2026,Australian Open,Hard,R128,Novak Djokovic,4,Pedro Martinez,71,6-3 6-2 6-2,Novak Djokovic
2-Nov-2025,Athens,Hard,F,Novak Djokovic,5,Lorenzo Musetti,9,4-6 6-3 7-5,Novak Djokovic
2-Nov-2025,Athens,Hard,SF,Novak Djokovic,5,Yannick Hanfmann,117,6-3 6-4,Novak Djokovic
2-Nov-2025,Athens,Hard,QF,Novak Djokovic,5,Nuno Borges,47,7-6(1) 6-4,Novak Djokovic
2-Nov-2025,Athens,Hard,R16,Novak Djokovic,5,Alejandro Tabilo,89,7-6(3) 6-1,Novak Djokovic
1-Oct-2025,Shanghai Masters,Hard,SF,Valentin Vacherot,204,Novak Djokovic,5,6-3 6-4,Novak Djokovic
1-Oct-2025,Shanghai Masters,Hard,QF,Novak Djokovic,5,Zizou Bergs,44,6-3 7-5,Novak Djokovic
1-Oct-2025,Shanghai Masters,Hard,R16,Novak Djokovic,5,Jaume Munar,41,6-3 5-7 6-2,Novak Djokovic
1-Oct-2025,Shanghai Masters,Hard,R32,Novak Djokovic,5,Yannick Hanfmann,150,4-6 7-5 6-3,Novak Djokovic
1-Oct-2025,Shanghai Masters,Hard,R64,Novak Djokovic,5,Marin Cilic,94,7-6(2) 6-4,Novak Djokovic
25-Aug-2025,US Open,Hard,SF,Carlos Alcaraz,2,Novak Djokovic,7,6-4 7-6(4) 6-2,Novak Djokovic
25-Aug-2025,US Open,Hard,QF,Novak Djokovic,7,Taylor Fritz,4,6-3 7-5 3-6 6-4,Novak Djokovic
25-Aug-2025,US Open,Hard,R16,Novak Djokovic,7,Jan Lennard Struff,144,6-3 6-3 6-2,Novak Djokovic
25-Aug-2025,US Open,Hard,R32,Novak Djokovic,7,Cameron Norrie,35,6-4 6-7(4) 6-2 6-3,Novak Djokovic
25-Aug-2025,US Open,Hard,R64,Novak Djokovic,7,Zachary Svajda,145,6-7(5) 6-3 6-3 6-1,Novak Djokovic
25-Aug-2025,US Open,Hard,R128,Novak Djokovic,7,Learner Tien,50,6-1 7-6(3) 6-2,Novak Djokovic
30-Jun-2025,Wimbledon,Grass,SF,Jannik Sinner,1,Novak Djokovic,6,6-3 6-3 6-4,Novak Djokovic
30-Jun-2025,Wimbledon,Grass,QF,Novak Djokovic,6,Flavio Cobolli,24,6-7(6) 6-2 7-5 6-4,Novak Djokovic
30-Jun-2025,Wimbledon,Grass,R16,Novak Djokovic,6,Alex De Minaur,11,1-6 6-4 6-4 6-4,Novak Djokovic
30-Jun-2025,Wimbledon,Grass,R32,Novak Djokovic,6,Miomir Kecmanovic,49,6-3 6-0 6-4,Novak Djokovic
30-Jun-2025,Wimbledon,Grass,R64,Novak Djokovic,6,Daniel Evans,154,6-3 6-2 6-0,Novak Djokovic
30-Jun-2025,Wimbledon,Grass,R128,Novak Djokovic,6,Alexandre Muller,41,6-1 6-7(7) 6-2 6-2,Novak Djokovic
26-May-2025,Roland Garros,Clay,SF,Jannik Sinner,1,Novak Djokovic,6,6-4 7-5 7-6(3),Novak Djokovic
26-May-2025,Roland Garros,Clay,QF,Novak Djokovic,6,Alexander Zverev,3,4-6 6-3 6-2 6-4,Novak Djokovic
26-May-2025,Roland Garros,Clay,R16,Novak Djokovic,6,Cameron Norrie,81,6-2 6-3 6-2,Novak Djokovic
26-May-2025,Roland Garros,Clay,R32,Novak Djokovic,6,Filip Misolic,153,6-3 6-4 6-2,Novak Djokovic
26-May-2025,Roland Garros,Clay,R64,Novak Djokovic,6,Corentin Moutet,73,6-3 6-2 7-6(1),Novak Djokovic
26-May-2025,Roland Garros,Clay,R128,Novak Djokovic,6,Mackenzie Mcdonald,98,6-3 6-3 6-3,Novak Djokovic
18-May-2025,Geneva,Clay,F,Novak Djokovic,6,Hubert Hurkacz,31,5-7 7-6(2) 7-6(2),Novak Djokovic
18-May-2025,Geneva,Clay,SF,Novak Djokovic,6,Cameron Norrie,90,6-4 6-7(6) 6-1,Novak Djokovic
18-May-2025,Geneva,Clay,QF,Novak Djokovic,6,Matteo Arnaldi,39,6-4 6-4,Novak Djokovic
18-May-2025,Geneva,Clay,R16,Novak Djokovic,6,Marton Fucsovics,134,6-2 6-3,Novak Djokovic
23-Apr-2025,Madrid Masters,Clay,R64,Matteo Arnaldi,44,Novak Djokovic,5,6-3 6-4,Novak Djokovic
5-Apr-2026,Monte-Carlo,Clay,R32,,,,,Live Scores,Alexander Zverev
18-Mar-2026,Miami Masters,Hard,SF,Jannik Sinner,2,Alexander Zverev,4,6-3 7-6(4),Alexander Zverev
18-Mar-2026,Miami Masters,Hard,QF,Alexander Zverev,4,Francisco Cerundolo,19,6-1 6-2,Alexander Zverev
18-Mar-2026,Miami Masters,Hard,R16,Alexander Zverev,4,Quentin Halys,111,7-6(4) 7-6(1),Alexander Zverev
18-Mar-2026,Miami Masters,Hard,R32,Alexander Zverev,4,Marin Cilic,49,6-2 5-7 6-4,Alexander Zverev
18-Mar-2026,Miami Masters,Hard,R64,Alexander Zverev,4,Martin Damm,133,6-2 6-4,Alexander Zverev
4-Mar-2026,Indian Wells Masters,Hard,SF,Jannik Sinner,2,Alexander Zverev,4,6-2 6-4,Alexander Zverev
4-Mar-2026,Indian Wells Masters,Hard,QF,Alexander Zverev,4,Arthur Fils,32,6-2 6-3,Alexander Zverev
4-Mar-2026,Indian Wells Masters,Hard,R16,Alexander Zverev,4,Frances Tiafoe,22,6-3 6-4,Alexander Zverev
4-Mar-2026,Indian Wells Masters,Hard,R32,Alexander Zverev,4,Brandon Nakashima,30,7-6(2) 5-7 6-4,Alexander Zverev
4-Mar-2026,Indian Wells Masters,Hard,R64,Alexander Zverev,4,Matteo Berrettini,66,6-3 6-4,Alexander Zverev
23-Feb-2026,Acapulco,Hard,R16,Miomir Kecmanovic,84,Alexander Zverev,4,6-3 6-7(3) 7-6(4),Alexander Zverev
23-Feb-2026,Acapulco,Hard,R32,Alexander Zverev,4,Corentin Moutet,35,6-2 6-4,Alexander Zverev
19-Jan-2026,Australian Open,Hard,SF,Carlos Alcaraz,1,Alexander Zverev,3,6-4 7-6(5) 6-7(3) 6-7(4) 7-5,Alexander Zverev
19-Jan-2026,Australian Open,Hard,QF,Alexander Zverev,3,Learner Tien,29,6-3 6-7(5) 6-1 7-6(3),Alexander Zverev
19-Jan-2026,Australian Open,Hard,R16,Alexander Zverev,3,Francisco Cerundolo,21,6-2 6-4 6-4,Alexander Zverev
19-Jan-2026,Australian Open,Hard,R32,Alexander Zverev,3,Cameron Norrie,27,7-5 4-6 6-3 6-1,Alexander Zverev
19-Jan-2026,Australian Open,Hard,R64,Alexander Zverev,3,Alexandre Muller,52,6-3 4-6 6-3 6-4,Alexander Zverev
19-Jan-2026,Australian Open,Hard,R128,Alexander Zverev,3,Gabriel Diallo,41,6-7(1) 6-1 6-4 6-2,Alexander Zverev
5-Jan-2026,United Cup,Hard,RR,Hubert Hurkacz,83,Alexander Zverev,3,6-3 6-4,Alexander Zverev
5-Jan-2026,United Cup,Hard,RR,Alexander Zverev,3,Tallon Griekspoor,25,7-5 6-0,Alexander Zverev
22-Nov-2025,Davis Cup Finals SF: ESP vs GER,Hard,RR,Alexander Zverev,3,Jaume Munar,36,7-6(2) 7-6(5),Alexander Zverev
20-Nov-2025,Davis Cup Finals QF: ARG vs GER,Hard,RR,Alexander Zverev,3,Francisco Cerundolo,21,6-4 7-6(3),Alexander Zverev
9-Nov-2025,Tour Finals,Hard,RR,Jannik Sinner,2,Alexander Zverev,3,6-4 6-3,Alexander Zverev
9-Nov-2025,Tour Finals,Hard,RR,Alexander Zverev,3,Ben Shelton,5,6-3 7-6(6),Alexander Zverev
9-Nov-2025,Tour Finals,Hard,RR,Felix Auger Aliassime,8,Alexander Zverev,3,6-4 7-6(4),Alexander Zverev
27-Oct-2025,Paris Masters,Hard,SF,Jannik Sinner,2,Alexander Zverev,3,6-0 6-1,Alexander Zverev
27-Oct-2025,Paris Masters,Hard,QF,Alexander Zverev,3,Daniil Medvedev,13,2-6 6-3 7-6(5),Alexander Zverev
27-Oct-2025,Paris Masters,Hard,R16,Alexander Zverev,3,Alejandro Davidovich Fokina,15,6-2 6-4,Alexander Zverev
27-Oct-2025,Paris Masters,Hard,R32,Alexander Zverev,3,Camilo Ugo Carabelli,49,6-7(5) 6-1 7-5,Alexander Zverev
20-Oct-2025,Vienna,Hard,F,Jannik Sinner,2,Alexander Zverev,3,3-6 6-3 7-5,Alexander Zverev
20-Oct-2025,Vienna,Hard,SF,Alexander Zverev,3,Lorenzo Musetti,8,6-4 7-5,Alexander Zverev
20-Oct-2025,Vienna,Hard,QF,Alexander Zverev,3,Tallon Griekspoor,28,W/O,Alexander Zverev
20-Oct-2025,Vienna,Hard,R16,Alexander Zverev,3,Matteo Arnaldi,72,6-4 6-4,Alexander Zverev
20-Oct-2025,Vienna,Hard,R32,Alexander Zverev,3,Jacob Fearnley,81,6-4 1-6 7-6(5),Alexander Zverev
1-Oct-2025,Shanghai Masters,Hard,R32,Arthur Rinderknech,54,Alexander Zverev,3,4-6 6-3 6-2,Alexander Zverev
1-Oct-2025,Shanghai Masters,Hard,R64,Alexander Zverev,3,Valentin Royer,76,6-4 6-4,Alexander Zverev
25-Sep-2025,Beijing,Hard,QF,Daniil Medvedev,18,Alexander Zverev,3,6-3 6-3,Alexander Zverev
25-Sep-2025,Beijing,Hard,R16,Alexander Zverev,3,Corentin Moutet,37,7-5 3-6 6-3,Alexander Zverev
25-Sep-2025,Beijing,Hard,R32,Alexander Zverev,3,Lorenzo Sonego,44,6-4 6-3,Alexander Zverev
19-Sep-2025,Laver Cup,Hard,RR,Alex De Minaur,8,Alexander Zverev,3,6-1 6-4,Alexander Zverev
19-Sep-2025,Laver Cup,Hard,RR,Taylor Fritz,5,Alexander Zverev,3,6-3 7-6(4),Alexander Zverev
25-Aug-2025,US Open,Hard,R32,Felix Auger Aliassime,27,Alexander Zverev,3,4-6 7-6(7) 6-4 6-4,Alexander Zverev
25-Aug-2025,US Open,Hard,R64,Alexander Zverev,3,Jacob Fearnley,60,6-4 6-4 6-4,Alexander Zverev
25-Aug-2025,US Open,Hard,R128,Alexander Zverev,3,Alejandro Tabilo,122,6-2 7-6(4) 6-4,Alexander Zverev
7-Aug-2025,Cincinnati Masters,Hard,SF,Carlos Alcaraz,2,Alexander Zverev,3,6-4 6-3,Alexander Zverev
7-Aug-2025,Cincinnati Masters,Hard,QF,Alexander Zverev,3,Ben Shelton,6,6-2 6-2,Alexander Zverev
7-Aug-2025,Cincinnati Masters,Hard,R16,Alexander Zverev,3,Karen Khachanov,12,7-5 3-0 RET,Alexander Zverev
7-Aug-2025,Cincinnati Masters,Hard,R32,Alexander Zverev,3,Brandon Nakashima,31,6-4 6-4,Alexander Zverev
7-Aug-2025,Cincinnati Masters,Hard,R64,Alexander Zverev,3,Nishesh Basavareddy,109,6-3 6-3,Alexander Zverev
27-Jul-2025,Canada Masters,Hard,SF,Karen Khachanov,16,Alexander Zverev,3,6-3 4-6 7-6(4),Alexander Zverev
27-Jul-2025,Canada Masters,Hard,QF,Alexander Zverev,3,Alexei Popyrin,26,6-7(8) 6-4 6-3,Alexander Zverev
27-Jul-2025,Canada Masters,Hard,R16,Alexander Zverev,3,Francisco Cerundolo,24,6-4 1-0 RET,Alexander Zverev
27-Jul-2025,Canada Masters,Hard,R32,Alexander Zverev,3,Matteo Arnaldi,41,6-7(5) 6-3 6-2,Alexander Zverev
27-Jul-2025,Canada Masters,Hard,R64,Alexander Zverev,3,Adam Walton,88,7-6(6) 6-4,Alexander Zverev
30-Jun-2025,Wimbledon,Grass,R128,Arthur Rinderknech,72,Alexander Zverev,3,7-6(3) 6-7(8) 6-3 6-7(5) 6-4,Alexander Zverev
16-Jun-2025,Halle,Grass,SF,Daniil Medvedev,11,Alexander Zverev,3,7-6(3) 6-7(1) 6-4,Alexander Zverev
16-Jun-2025,Halle,Grass,QF,Alexander Zverev,3,Flavio Cobolli,24,6-4 7-6(6),Alexander Zverev
16-Jun-2025,Halle,Grass,R16,Alexander Zverev,3,Lorenzo Sonego,46,3-6 6-4 7-6(2),Alexander Zverev
16-Jun-2025,Halle,Grass,R32,Alexander Zverev,3,Marcos Giron,43,6-2 6-1,Alexander Zverev
9-Jun-2025,Stuttgart,Grass,F,Taylor Fritz,7,Alexander Zverev,3,6-3 7-6(0),Alexander Zverev
9-Jun-2025,Stuttgart,Grass,SF,Alexander Zverev,3,Ben Shelton,12,7-6(8) 7-6(1),Alexander Zverev
9-Jun-2025,Stuttgart,Grass,QF,Alexander Zverev,3,Brandon Nakashima,31,7-5 6-4,Alexander Zverev
9-Jun-2025,Stuttgart,Grass,R16,Alexander Zverev,3,Corentin Moutet,91,6-2 7-6(7),Alexander Zverev
26-May-2025,Roland Garros,Clay,QF,Novak Djokovic,6,Alexander Zverev,3,4-6 6-3 6-2 6-4,Alexander Zverev
26-May-2025,Roland Garros,Clay,R16,Alexander Zverev,3,Tallon Griekspoor,35,6-4 3-0 RET,Alexander Zverev
26-May-2025,Roland Garros,Clay,R32,Alexander Zverev,3,Flavio Cobolli,26,6-2 7-6(4) 6-1,Alexander Zverev
26-May-2025,Roland Garros,Clay,R64,Alexander Zverev,3,Jesper De Jong,88,3-6 6-1 6-2 6-3,Alexander Zverev
26-May-2025,Roland Garros,Clay,R128,Alexander Zverev,3,Learner Tien,67,6-3 6-3 6-4,Alexander Zverev
18-May-2025,Hamburg,Clay,R16,Alexandre Muller,40,Alexander Zverev,3,6-3 4-6 7-6(5),Alexander Zverev
18-May-2025,Hamburg,Clay,R32,Alexander Zverev,3,Aleksandar Kovacevic,80,6-1 7-6(5),Alexander Zverev
7-May-2025,Rome Masters,Clay,QF,Lorenzo Musetti,9,Alexander Zverev,2,7-6(1) 6-4,Alexander Zverev
7-May-2025,Rome Masters,Clay,R16,Alexander Zverev,2,Arthur Fils,14,7-6(3) 6-1,Alexander Zverev
7-May-2025,Rome Masters,Clay,R32,Alexander Zverev,2,Vilius Gaubas,154,6-4 6-0,Alexander Zverev
7-May-2025,Rome Masters,Clay,R64,Alexander Zverev,2,Camilo Ugo Carabelli,60,6-2 6-1,Alexander Zverev
23-Apr-2025,Madrid Masters,Clay,R16,Francisco Cerundolo,21,Alexander Zverev,2,7-5 6-3,Alexander Zverev
23-Apr-2025,Madrid Masters,Clay,R32,Alexander Zverev,2,Alejandro Davidovich Fokina,29,2-6 7-6(3) 7-6(0),Alexander Zverev
23-Apr-2025,Madrid Masters,Clay,R64,Alexander Zverev,2,Roberto Bautista Agut,55,6-2 6-2,Alexander Zverev
14-Apr-2025,Munich,Clay,F,Alexander Zverev,3,Ben Shelton,15,6-2 6-4,Alexander Zverev
14-Apr-2025,Munich,Clay,SF,Alexander Zverev,3,Fabian Marozsan,77,7-6(3) 6-3,Alexander Zverev
14-Apr-2025,Munich,Clay,QF,Alexander Zverev,3,Tallon Griekspoor,37,6-7(6) 7-6(3) 6-4,Alexander Zverev
14-Apr-2025,Munich,Clay,R16,Alexander Zverev,3,Daniel Altmaier,68,6-3 6-2,Alexander Zverev
14-Apr-2025,Munich,Clay,R32,Alexander Zverev,3,Alexandre Muller,40,6-4 6-1,Alexander Zverev
5-Apr-2026,Monte-Carlo,Clay,R32,Matteo Berrettini,90,Daniil Medvedev,10,6-0 6-0,Daniil Medvedev
18-Mar-2026,Miami Masters,Hard,R32,Francisco Cerundolo,19,Daniil Medvedev,10,6-0 4-6 7-5,Daniil Medvedev
18-Mar-2026,Miami Masters,Hard,R64,Daniil Medvedev,10,Rei Sakamoto,164,6-7(10) 6-3 6-1,Daniil Medvedev
4-Mar-2026,Indian Wells Masters,Hard,F,Jannik Sinner,2,Daniil Medvedev,11,7-6(6) 7-6(4),Daniil Medvedev
4-Mar-2026,Indian Wells Masters,Hard,SF,Daniil Medvedev,11,Carlos Alcaraz,1,6-3 7-6(3),Daniil Medvedev
4-Mar-2026,Indian Wells Masters,Hard,QF,Daniil Medvedev,11,Jack Draper,14,6-1 7-5,Daniil Medvedev
4-Mar-2026,Indian Wells Masters,Hard,R16,Daniil Medvedev,11,Alex Michelsen,44,6-2 6-4,Daniil Medvedev
4-Mar-2026,Indian Wells Masters,Hard,R32,Daniil Medvedev,11,Sebastian Baez,53,6-4 6-0,Daniil Medvedev
4-Mar-2026,Indian Wells Masters,Hard,R64,Daniil Medvedev,11,Alejandro Tabilo,40,6-4 6-2,Daniil Medvedev
23-Feb-2026,Dubai,Hard,F,Daniil Medvedev,11,Tallon Griekspoor,25,W/O,Daniil Medvedev
23-Feb-2026,Dubai,Hard,SF,Daniil Medvedev,11,Felix Auger Aliassime,8,6-4 6-2,Daniil Medvedev
23-Feb-2026,Dubai,Hard,QF,Daniil Medvedev,11,Jenson Brooksby,49,6-2 6-1,Daniil Medvedev
23-Feb-2026,Dubai,Hard,R16,Daniil Medvedev,11,Stan Wawrinka,99,6-2 6-3,Daniil Medvedev
23-Feb-2026,Dubai,Hard,R32,Daniil Medvedev,11,Juncheng Shang,262,6-1 6-3,Daniil Medvedev
16-Feb-2026,Doha,Hard,R16,Stefanos Tsitsipas,33,Daniil Medvedev,11,6-3 6-4,Daniil Medvedev
16-Feb-2026,Doha,Hard,R32,Daniil Medvedev,11,Juncheng Shang,261,6-4 6-2,Daniil Medvedev
9-Feb-2026,Rotterdam,Hard,R32,Ugo Humbert,36,Daniil Medvedev,11,7-6(4) 3-6 6-3,Daniil Medvedev
19-Jan-2026,Australian Open,Hard,R16,Learner Tien,29,Daniil Medvedev,12,6-4 6-0 6-3,Daniil Medvedev
19-Jan-2026,Australian Open,Hard,R32,Daniil Medvedev,12,Fabian Marozsan,47,6-7(5) 4-6 7-5 6-0 6-3,Daniil Medvedev
19-Jan-2026,Australian Open,Hard,R64,Daniil Medvedev,12,Quentin Halys,83,6-7(9) 6-3 6-4 6-2,Daniil Medvedev
19-Jan-2026,Australian Open,Hard,R128,Daniil Medvedev,12,Jesper De Jong,73,7-5 6-2 7-6(2),Daniil Medvedev
4-Jan-2026,Brisbane,Hard,F,Daniil Medvedev,13,Brandon Nakashima,33,6-2 7-6(1),Daniil Medvedev
4-Jan-2026,Brisbane,Hard,SF,Daniil Medvedev,13,Alex Michelsen,37,6-4 6-2,Daniil Medvedev
4-Jan-2026,Brisbane,Hard,QF,Daniil Medvedev,13,Kamil Majchrzak,59,6-7(4) 6-3 6-2,Daniil Medvedev
4-Jan-2026,Brisbane,Hard,R16,Daniil Medvedev,13,Frances Tiafoe,30,6-3 6-2,Daniil Medvedev
4-Jan-2026,Brisbane,Hard,R32,Daniil Medvedev,13,Marton Fucsovics,54,6-2 6-3,Daniil Medvedev
27-Oct-2025,Paris Masters,Hard,QF,Alexander Zverev,3,Daniil Medvedev,13,2-6 6-3 7-6(5),Daniil Medvedev
27-Oct-2025,Paris Masters,Hard,R16,Daniil Medvedev,13,Lorenzo Sonego,45,3-6 7-6(5) 6-4,Daniil Medvedev
27-Oct-2025,Paris Masters,Hard,R32,Daniil Medvedev,13,Grigor Dimitrov,38,W/O,Daniil Medvedev
27-Oct-2025,Paris Masters,Hard,R64,Daniil Medvedev,13,Jaume Munar,36,6-1 6-3,Daniil Medvedev
20-Oct-2025,Vienna,Hard,R16,Corentin Moutet,36,Daniil Medvedev,14,7-6(3) 6-4,Daniil Medvedev
20-Oct-2025,Vienna,Hard,R32,Daniil Medvedev,14,Nuno Borges,47,6-4 6-7(7) 6-2,Daniil Medvedev
13-Oct-2025,Almaty,Hard,F,Daniil Medvedev,14,Corentin Moutet,41,7-5 4-6 6-3,Daniil Medvedev
13-Oct-2025,Almaty,Hard,SF,Daniil Medvedev,14,James Duckworth,138,6-7(8) 6-3 6-2,Daniil Medvedev
13-Oct-2025,Almaty,Hard,QF,Daniil Medvedev,14,Fabian Marozsan,52,7-5 6-2,Daniil Medvedev
13-Oct-2025,Almaty,Hard,R16,Daniil Medvedev,14,Adam Walton,76,7-5 7-6(0),Daniil Medvedev
1-Oct-2025,Shanghai Masters,Hard,SF,Arthur Rinderknech,54,Daniil Medvedev,18,4-6 6-2 6-4,Daniil Medvedev
1-Oct-2025,Shanghai Masters,Hard,QF,Daniil Medvedev,18,Alex De Minaur,7,6-4 6-4,Daniil Medvedev
1-Oct-2025,Shanghai Masters,Hard,R16,Daniil Medvedev,18,Learner Tien,36,7-6(6) 6-7(1) 6-4,Daniil Medvedev
1-Oct-2025,Shanghai Masters,Hard,R32,Daniil Medvedev,18,Alejandro Davidovich Fokina,20,6-3 7-6(5),Daniil Medvedev
1-Oct-2025,Shanghai Masters,Hard,R64,Daniil Medvedev,18,Dalibor Svrcina,91,6-1 6-1,Daniil Medvedev
25-Sep-2025,Beijing,Hard,SF,Learner Tien,52,Daniil Medvedev,18,5-7 7-5 4-0 RET,Daniil Medvedev
25-Sep-2025,Beijing,Hard,QF,Daniil Medvedev,18,Alexander Zverev,3,6-3 6-3,Daniil Medvedev
25-Sep-2025,Beijing,Hard,R16,Daniil Medvedev,18,Alejandro Davidovich Fokina,20,6-3 6-3,Daniil Medvedev
25-Sep-2025,Beijing,Hard,R32,Daniil Medvedev,18,Cameron Norrie,34,6-3 6-4,Daniil Medvedev
17-Sep-2025,Hangzhou,Hard,QF,Yibing Wu,196,Daniil Medvedev,18,5-7 7-6(5) 6-4,Daniil Medvedev
17-Sep-2025,Hangzhou,Hard,R16,Daniil Medvedev,18,Nishesh Basavareddy,109,6-2 6-3,Daniil Medvedev
25-Aug-2025,US Open,Hard,R128,Benjamin Bonzi,51,Daniil Medvedev,13,6-3 7-5 6-7(5) 0-6 6-4,Daniil Medvedev
7-Aug-2025,Cincinnati Masters,Hard,R64,Adam Walton,85,Daniil Medvedev,15,6-7(0) 6-4 6-1,Daniil Medvedev
27-Jul-2025,Canada Masters,Hard,R32,Alexei Popyrin,26,Daniil Medvedev,14,5-7 6-4 6-4,Daniil Medvedev
27-Jul-2025,Canada Masters,Hard,R64,Daniil Medvedev,14,Dalibor Svrcina,120,7-6(3) 6-4,Daniil Medvedev
21-Jul-2025,Washington,Hard,QF,Corentin Moutet,59,Daniil Medvedev,14,1-6 6-4 6-4,Daniil Medvedev
21-Jul-2025,Washington,Hard,R16,Daniil Medvedev,14,Yibing Wu,243,6-3 6-2,Daniil Medvedev
21-Jul-2025,Washington,Hard,R32,Daniil Medvedev,14,Reilly Opelka,74,3-6 7-5 6-1,Daniil Medvedev
30-Jun-2025,Wimbledon,Grass,R128,Benjamin Bonzi,64,Daniil Medvedev,9,7-6(2) 3-6 7-6(3) 6-2,Daniil Medvedev
16-Jun-2025,Halle,Grass,F,Alexander Bublik,45,Daniil Medvedev,11,6-3 7-6(4),Daniil Medvedev
16-Jun-2025,Halle,Grass,SF,Daniil Medvedev,11,Alexander Zverev,3,7-6(3) 6-7(1) 6-4,Daniil Medvedev
16-Jun-2025,Halle,Grass,QF,Daniil Medvedev,11,Alex Michelsen,33,6-4 6-3,Daniil Medvedev
16-Jun-2025,Halle,Grass,R16,Daniil Medvedev,11,Quentin Halys,48,6-2 7-5,Daniil Medvedev
16-Jun-2025,Halle,Grass,R32,Daniil Medvedev,11,Daniel Altmaier,52,6-3 6-3,Daniil Medvedev
9-Jun-2025,s Hertogenbosch,Grass,QF,Reilly Opelka,87,Daniil Medvedev,11,7-6(5) 7-6(5),Daniil Medvedev
9-Jun-2025,s Hertogenbosch,Grass,R16,Daniil Medvedev,11,Adrian Mannarino,127,7-6(6) 6-4,Daniil Medvedev
26-May-2025,Roland Garros,Clay,R128,Cameron Norrie,81,Daniil Medvedev,11,7-5 6-3 4-6 1-6 7-5,Daniil Medvedev
7-May-2025,Rome Masters,Clay,R16,Lorenzo Musetti,9,Daniil Medvedev,11,7-5 6-4,Daniil Medvedev
7-May-2025,Rome Masters,Clay,R32,Daniil Medvedev,11,Alexei Popyrin,25,6-4 6-1,Daniil Medvedev
7-May-2025,Rome Masters,Clay,R64,Daniil Medvedev,11,Cameron Norrie,91,6-4 6-2,Daniil Medvedev
23-Apr-2025,Madrid Masters,Clay,QF,Casper Ruud,15,Daniil Medvedev,10,6-3 7-5,Daniil Medvedev
23-Apr-2025,Madrid Masters,Clay,R16,Daniil Medvedev,10,Brandon Nakashima,32,3-6 6-1 6-4,Daniil Medvedev
23-Apr-2025,Madrid Masters,Clay,R32,Daniil Medvedev,10,Juan Manuel Cerundolo,126,6-2 6-2,Daniil Medvedev
23-Apr-2025,Madrid Masters,Clay,R64,Daniil Medvedev,10,Laslo Djere,71,W/O,Daniil Medvedev
